{
  "images": [
    {
      "filename": "launch-64.png",
      "idiom": "universal",
      "scale": "1x"
    },
    {
      "filename": "launch-128.png",
      "idiom": "universal",
      "scale": "2x"
    },
    {
      "filename": "launch-192.png",
      "idiom": "universal",
      "scale": "3x"
    },
	{
      "filename": "launch-256.png",
      "idiom": "universal",
      "scale": "4x"
    },
	{
      "filename": "launch-512.png",
      "idiom": "universal",
      "scale": "8x"
    }
  ],
  "info": {
    "author": "xcode",
    "version": 1
  }
}